<application>
  <component name="ProjectJdkTable">
    <jdk version="2">
      <name value="Python 3.5" />
      <type value="Python SDK" />
      <version value="Python 3.5.2" />
      <homePath value="C:\Users\G987H83\Desktop\VTA\KEFFS_LIBRARIES\winpython-3.5.2.3-win64\python-3.5.2.amd64\python.exe" />
      <roots>
        <classPath>
          <root type="composite">
            <root url="file://$USER_HOME$/Desktop/VTA/sandboxing_lite/toolchain/tools/python3" type="simple" />
            <root url="file://$USER_HOME$/Desktop/VTA/KEFFS_LIBRARIES/winpython-3.5.2.3-win64/python-3.5.2.amd64/DLLs" type="simple" />
            <root url="file://$USER_HOME$/Desktop/VTA/KEFFS_LIBRARIES/winpython-3.5.2.3-win64/python-3.5.2.amd64/Lib" type="simple" />
            <root url="file://$USER_HOME$/Desktop/VTA/KEFFS_LIBRARIES/winpython-3.5.2.3-win64/python-3.5.2.amd64" type="simple" />
            <root url="file://$USER_HOME$/Desktop/VTA/KEFFS_LIBRARIES/winpython-3.5.2.3-win64/python-3.5.2.amd64/Lib/site-packages" type="simple" />
            <root url="file://$USER_HOME$/Desktop/VTA/KEFFS_LIBRARIES/winpython-3.5.2.3-win64/python-3.5.2.amd64/Lib/site-packages/win32" type="simple" />
            <root url="file://$USER_HOME$/Desktop/VTA/KEFFS_LIBRARIES/winpython-3.5.2.3-win64/python-3.5.2.amd64/Lib/site-packages/win32/lib" type="simple" />
            <root url="file://$USER_HOME$/Desktop/VTA/KEFFS_LIBRARIES/winpython-3.5.2.3-win64/python-3.5.2.amd64/Lib/site-packages/pythonwin" type="simple" />
            <root url="file://$USER_HOME$/.PyCharmCE2018.3/system/python_stubs/1478559055" type="simple" />
            <root url="file://$APPLICATION_HOME_DIR$/helpers/python-skeletons" type="simple" />
            <root url="file://$APPLICATION_HOME_DIR$/helpers/typeshed/stdlib/3" type="simple" />
            <root url="file://$APPLICATION_HOME_DIR$/helpers/typeshed/stdlib/2and3" type="simple" />
            <root url="file://$APPLICATION_HOME_DIR$/helpers/typeshed/third_party/3" type="simple" />
            <root url="file://$APPLICATION_HOME_DIR$/helpers/typeshed/third_party/2and3" type="simple" />
          </root>
        </classPath>
        <sourcePath>
          <root type="composite" />
        </sourcePath>
      </roots>
      <additional />
    </jdk>
  </component>
</application>