<application>
  <component name="PropertiesComponent">
    <property name="ColorChooser.RecentColors" value="100-100-100-255,,,50-50-50-255,,,70-70-70-255" />
    <property name="CommitChangeListDialog.DETAILS_SPLITTER_PROPORTION_2" value="0.7402032" />
    <property name="Copy.OpenInEditor" value="true" />
    <property name="ExpandBeforeRunStepsPanel" value="true" />
    <property name="ExpandRunDashboardTypesPanel" value="false" />
    <property name="KEYMAP" value="COMMENT&#10;split&#10;run" />
    <property name="PyCharm.InitialConfiguration" value="true" />
    <property name="PyCharm.InitialConfiguration.V2" value="true" />
    <property name="PyCharm.InitialConfiguration.V3" value="true" />
    <property name="PyCharm.InitialConfiguration.V4" value="true" />
    <property name="PyCharm.InitialConfiguration.V5" value="true" />
    <property name="PyCharm.InitialConfiguration.V6" value="true" />
    <property name="PyCharm.InitialConfiguration.V7" value="true" />
    <property name="PyCharm.initialConfigurationShown" value="true" />
    <property name="SettingsSearchHistory" value="theme" />
    <property name="file.chooser.recent.files" value="$USER_HOME$/Desktop/work_base/vta_evolutionary_algorithm&#10;C:/Users/G987H83/Desktop/untitled&#10;C:/Users/G987H83/Desktop/demo/dev&#10;C:/Users/G987H83/Desktop/test/vta_evolutionary_algorithm&#10;C:/Users/G987H83/Desktop/untitled1&#10;C:/softwares/winpython-3.5.2.3-win64/python-3.5.2.amd64/python.exe&#10;C:/Users/u2686/Desktop/vta_evolutionary_algorithm" />
    <property name="file.gist.reindex.count" value="45719" />
    <property name="fileTypeChangedCounter" value="3" />
    <property name="lastTip" value="46" />
    <property name="selected.color.option.type" value="CARET_ROW_COLOR" />
  </component>
  <component name="PyTestFrameworkService">
    <option name="SDK_TO_PYTEST">
      <map>
        <entry key="C:\Users\G987H83\Desktop\VTA\KEFFS_LIBRARIES\winpython-3.5.2.3-win64\python-3.5.2.amd64\python.exe" value="true" />
        <entry key="C:\Users\G987H83\Desktop\sandboxing_lite\toolchain\tools\python3\python.exe" value="false" />
        <entry key="C:\Users\ting\AppData\Local\Temp\html_test.py\venv\Scripts\python.exe" value="false" />
        <entry key="C:\Users\ting\Desktop\code\pythontest\venv\Scripts\python.exe" value="false" />
        <entry key="C:\Users\ting\Desktop\test\list_fetcher\venv\Scripts\python.exe" value="false" />
        <entry key="C:\Users\u2686\Desktop\vta_evolutionary_algorithm\venv\Scripts\python.exe" value="false" />
        <entry key="C:\softwares\winpython-3.5.2.3-win64\python-3.5.2.amd64\python.exe" value="true" />
      </map>
    </option>
    <option name="SDK_TO_NOSETEST">
      <map>
        <entry key="C:\Users\G987H83\Desktop\VTA\KEFFS_LIBRARIES\winpython-3.5.2.3-win64\python-3.5.2.amd64\python.exe" value="true" />
        <entry key="C:\Users\G987H83\Desktop\sandboxing_lite\toolchain\tools\python3\python.exe" value="false" />
        <entry key="C:\Users\ting\AppData\Local\Temp\html_test.py\venv\Scripts\python.exe" value="false" />
        <entry key="C:\Users\ting\Desktop\test\list_fetcher\venv\Scripts\python.exe" value="false" />
        <entry key="C:\Users\u2686\Desktop\vta_evolutionary_algorithm\venv\Scripts\python.exe" value="false" />
        <entry key="C:\softwares\winpython-3.5.2.3-win64\python-3.5.2.amd64\python.exe" value="true" />
      </map>
    </option>
    <option name="SDK_TO_TRIALTEST">
      <map>
        <entry key="C:\Users\G987H83\Desktop\VTA\KEFFS_LIBRARIES\winpython-3.5.2.3-win64\python-3.5.2.amd64\python.exe" value="false" />
        <entry key="C:\Users\G987H83\Desktop\sandboxing_lite\toolchain\tools\python3\python.exe" value="false" />
        <entry key="C:\Users\ting\AppData\Local\Temp\html_test.py\venv\Scripts\python.exe" value="false" />
        <entry key="C:\Users\ting\Desktop\test\list_fetcher\venv\Scripts\python.exe" value="false" />
        <entry key="C:\Users\u2686\Desktop\vta_evolutionary_algorithm\venv\Scripts\python.exe" value="false" />
        <entry key="C:\softwares\winpython-3.5.2.3-win64\python-3.5.2.amd64\python.exe" value="false" />
      </map>
    </option>
  </component>
</application>