<application>
  <component name="PropertiesComponent">
    <property name="ExpandBeforeRunStepsPanel" value="true" />
    <property name="ExpandRunDashboardTypesPanel" value="false" />
    <property name="KEYMAP" value="split&#10;run" />
    <property name="PyCharm.InitialConfiguration" value="true" />
    <property name="PyCharm.InitialConfiguration.V2" value="true" />
    <property name="PyCharm.InitialConfiguration.V3" value="true" />
    <property name="PyCharm.InitialConfiguration.V4" value="true" />
    <property name="PyCharm.InitialConfiguration.V5" value="true" />
    <property name="PyCharm.InitialConfiguration.V6" value="true" />
    <property name="PyCharm.InitialConfiguration.V7" value="true" />
    <property name="PyCharm.initialConfigurationShown" value="true" />
    <property name="file.chooser.recent.files" value="$USER_HOME$/Desktop/untitled1&#10;C:/softwares/winpython-3.5.2.3-win64/python-3.5.2.amd64/python.exe&#10;C:/Users/u2686/Desktop/vta_evolutionary_algorithm" />
    <property name="file.gist.reindex.count" value="21451" />
    <property name="fileTypeChangedCounter" value="1" />
    <property name="lastTip" value="6" />
  </component>
  <component name="PyTestFrameworkService">
    <option name="SDK_TO_PYTEST">
      <map>
        <entry key="C:\Users\ting\AppData\Local\Temp\html_test.py\venv\Scripts\python.exe" value="false" />
        <entry key="C:\Users\ting\Desktop\code\pythontest\venv\Scripts\python.exe" value="false" />
        <entry key="C:\Users\ting\Desktop\test\list_fetcher\venv\Scripts\python.exe" value="false" />
        <entry key="C:\Users\u2686\Desktop\vta_evolutionary_algorithm\venv\Scripts\python.exe" value="false" />
        <entry key="C:\softwares\winpython-3.5.2.3-win64\python-3.5.2.amd64\python.exe" value="true" />
      </map>
    </option>
    <option name="SDK_TO_NOSETEST">
      <map>
        <entry key="C:\Users\ting\AppData\Local\Temp\html_test.py\venv\Scripts\python.exe" value="false" />
        <entry key="C:\Users\ting\Desktop\test\list_fetcher\venv\Scripts\python.exe" value="false" />
        <entry key="C:\Users\u2686\Desktop\vta_evolutionary_algorithm\venv\Scripts\python.exe" value="false" />
        <entry key="C:\softwares\winpython-3.5.2.3-win64\python-3.5.2.amd64\python.exe" value="true" />
      </map>
    </option>
    <option name="SDK_TO_TRIALTEST">
      <map>
        <entry key="C:\Users\ting\AppData\Local\Temp\html_test.py\venv\Scripts\python.exe" value="false" />
        <entry key="C:\Users\ting\Desktop\test\list_fetcher\venv\Scripts\python.exe" value="false" />
        <entry key="C:\Users\u2686\Desktop\vta_evolutionary_algorithm\venv\Scripts\python.exe" value="false" />
        <entry key="C:\softwares\winpython-3.5.2.3-win64\python-3.5.2.amd64\python.exe" value="false" />
      </map>
    </option>
  </component>
</application>